firstname;lastname;email;role;unit_ID
Leo;van Hengel;leo@syskoplan.onmicrosoft.com;Employee;0d5d047f-e0c9-4dd3-8c5f-7bc92b85e3d1
Kushal;Mokashi;kushal@syskoplan.onmicrosoft.com;Manager;0d5d047f-e0c9-4dd3-8c5f-7bc92b85e3d1
Adele;Vance;AdeleV@syskoplan.onmicrosoft.com;Employee;0d5d047f-e0c9-4dd3-8c5f-7bc92b85e3d1
Alex;Wilber;AlexW@syskoplan.onmicrosoft.com;Employee;0d5d047f-e0c9-4dd3-8c5f-7bc92b85e3d1
Diego;Siciliani;DiegoS@syskoplan.onmicrosoft.com;Employee;0d5d047f-e0c9-4dd3-8c5f-7bc92b85e3d1
Grady;Archie;GradyA@syskoplan.onmicrosoft.com;Employee;0d5d047f-e0c9-4dd3-8c5f-7bc92b85e3d1
Henrietta;Mueller;HenriettaM@syskoplan.onmicrosoft.com;Employee;0d5d047f-e0c9-4dd3-8c5f-7bc92b85e3d1
Isaiah;Langer;IsaiahL@syskoplan.onmicrosoft.com;Manager;31adf394-9c29-4c21-9386-5885fb2f6694
Johanna;Lorenz;JohannaL@syskoplan.onmicrosoft.com;Employee;31adf394-9c29-4c21-9386-5885fb2f6694
Joni;Sherman;JoniS@syskoplan.onmicrosoft.com;Employee;31adf394-9c29-4c21-9386-5885fb2f6694
Lee;Gu;LeeG@syskoplan.onmicrosoft.com;Employee;31adf394-9c29-4c21-9386-5885fb2f6694
Lidia;Holloway;LidiaH@syskoplan.onmicrosoft.com;Employee;31adf394-9c29-4c21-9386-5885fb2f6694
Lynne;Robbins;LynneR@syskoplan.onmicrosoft.com;Employee;31adf394-9c29-4c21-9386-5885fb2f6694
Megan;Bowen;MeganB@syskoplan.onmicrosoft.com;Manager;b1c8cd10-6d66-4cf7-b3de-7feb07955e48
Miriam;Graham;MiriamG@syskoplan.onmicrosoft.com;Employee;b1c8cd10-6d66-4cf7-b3de-7feb07955e48
Nestor;Wilke;NestorW@syskoplan.onmicrosoft.com;Employee;b1c8cd10-6d66-4cf7-b3de-7feb07955e48
Patti;Fernandez;PattiF@syskoplan.onmicrosoft.com;Employee;b1c8cd10-6d66-4cf7-b3de-7feb07955e48
Pradeep;Gupta;PradeepG@syskoplan.onmicrosoft.com;Employee;b1c8cd10-6d66-4cf7-b3de-7feb07955e48
Kushal;Mokashi;manager@syskoplan.onmicrosoft.com;Manager;fa83462b-727a-4e0d-b91a-e3778611e60a
Leo;van Hengel;employee@syskoplan.onmicrosoft.com;Employee;fa83462b-727a-4e0d-b91a-e3778611e60a
